N,M,h2,h2_est,h2_diff
-1,-1,0.001,0.0005958056806474454,0.0004041943193525546
-1,-1,0.001,0.0010297206252518104,-2.9720625251810403e-05
-1,-1,0.001,0.0012437558947551702,-0.00024375589475517014
-1,-1,0.001,0.0013411644302060977,-0.00034116443020609766
-1,-1,0.001,0.0009229611758319216,7.703882416807838e-05
-1,-1,0.001,0.00047841068287263465,0.0005215893171273654
-1,-1,0.001,0.0008268996258610788,0.00017310037413892127
-1,-1,0.001,0.001007022290763011,-7.022290763011082e-06
-1,-1,0.001,0.002052535041112156,-0.001052535041112156
-1,-1,0.001,0.0007739337878639022,0.00022606621213609778
-1,-1,0.001,0.0010113069056195507,-1.1306905619550695e-05
-1,-1,0.001,0.0002329246722338485,0.0007670753277661516
-1,-1,0.001,0.0004953502484529147,0.0005046497515470853
-1,-1,0.001,0.00036333840803735667,0.0006366615919626434
-1,-1,0.001,0.0009222698526430999,7.773014735690015e-05
-1,-1,0.001,0.000769019435318072,0.00023098056468192805
-1,-1,0.001,0.0008308334712447977,0.00016916652875520227
-1,-1,0.001,0.0007259432553422801,0.0002740567446577199
-1,-1,0.001,0.0010801630825559027,-8.016308255590272e-05
-1,-1,0.001,0.001434236301084473,-0.00043423630108447306
-1,-1,0.001,0.001160347185372716,-0.000160347185372716
-1,-1,0.001,0.0014517068721860349,-0.00045170687218603484
-1,-1,0.001,0.0013608962035491137,-0.00036089620354911364
-1,-1,0.001,0.0007793174221218523,0.00022068257787814772
-1,-1,0.001,0.0011023726354752051,-0.0001023726354752051
-1,-1,0.001,0.001281585356983874,-0.0002815853569838739
-1,-1,0.001,0.0005214828766342745,0.00047851712336572554
-1,-1,0.001,0.001592569802760171,-0.0005925698027601709
-1,-1,0.001,0.0009105961973620525,8.940380263794748e-05
-1,-1,0.001,0.0010881500325428308,-8.815003254283079e-05
-1,-1,0.001,0.001422913247065952,-0.0004229132470659519
-1,-1,0.001,0.0008219571484220037,0.00017804285157799627
-1,-1,0.001,0.0008695302727228891,0.00013046972727711096
-1,-1,0.001,0.0006043892753637713,0.00039561072463622875
-1,-1,0.001,0.0010268315744213165,-2.683157442131645e-05
-1,-1,0.001,0.0012038060522903847,-0.00020380605229038465
-1,-1,0.001,0.0008177588302498614,0.00018224116975013862
-1,-1,0.001,0.000992478239012348,7.521760987651933e-06
-1,-1,0.001,0.0008934177180779641,0.00010658228192203588
-1,-1,0.001,0.0008129724765936007,0.00018702752340639937
-1,-1,0.001,0.00119833276429064,-0.00019833276429063996
-1,-1,0.001,0.000869475976029863,0.000130524023970137
-1,-1,0.001,0.0009707212629583187,2.9278737041681362e-05
-1,-1,0.001,0.0015002457181142322,-0.0005002457181142322
-1,-1,0.001,0.0012906568676441725,-0.00029065686764417247
-1,-1,0.001,0.0013169421140866654,-0.0003169421140866654
-1,-1,0.001,0.00077616031960675,0.00022383968039324997
-1,-1,0.001,0.000990064411482058,9.93558851794204e-06
-1,-1,0.001,0.0005075031541582589,0.0004924968458417411
-1,-1,0.001,0.0012317799532261535,-0.0002317799532261535
-1,-1,0.001,0.0011465936776316906,-0.00014659367763169054
-1,-1,0.001,0.0015825642288692194,-0.0005825642288692194
-1,-1,0.001,0.0011132308109080044,-0.00011323081090800434
-1,-1,0.001,0.001186941858037019,-0.00018694185803701897
-1,-1,0.001,0.0004531314789097304,0.0005468685210902696
-1,-1,0.001,0.0006586726465031669,0.00034132735349683314
-1,-1,0.001,0.000976984313460609,2.301568653939102e-05
-1,-1,0.001,0.0011417365469241015,-0.00014173654692410144
-1,-1,0.001,0.0016095536886868633,-0.0006095536886868633
-1,-1,0.001,0.0017798628846821556,-0.0007798628846821555
-1,-1,0.001,0.0010067079622189654,-6.7079622189654235e-06
-1,-1,0.001,0.0007511715873079176,0.0002488284126920824
-1,-1,0.001,0.000912987467221052,8.701253277894805e-05
-1,-1,0.001,0.0009397091448543459,6.029085514565411e-05
-1,-1,0.001,0.000907417568535038,9.258243146496197e-05
-1,-1,0.001,0.0006105360461528031,0.0003894639538471969
-1,-1,0.001,0.0016786882421205825,-0.0006786882421205825
-1,-1,0.001,0.0012759978071626942,-0.00027599780716269415
-1,-1,0.001,0.0010539823884863815,-5.3982388486381464e-05
-1,-1,0.001,0.0007909871780122574,0.00020901282198774259
-1,-1,0.001,0.0006635036362154446,0.00033649636378455547
-1,-1,0.001,0.0008655214535135062,0.0001344785464864938
-1,-1,0.001,0.0016060422867011901,-0.0006060422867011901
-1,-1,0.001,0.001266871030339748,-0.000266871030339748
-1,-1,0.001,0.0006533052900075389,0.00034669470999246113
-1,-1,0.001,0.0016830931610375037,-0.0006830931610375037
-1,-1,0.001,0.0012980088377477744,-0.00029800883774777436
-1,-1,0.001,0.000797684021197449,0.00020231597880255106
-1,-1,0.001,0.001088965562134173,-8.896556213417307e-05
-1,-1,0.001,0.001064763222866326,-6.476322286632589e-05
-1,-1,0.001,0.0006839100573908533,0.00031608994260914674
-1,-1,0.001,0.00104735702630149,-4.735702630148989e-05
-1,-1,0.001,0.0008960436359635268,0.00010395636403647327
-1,-1,0.001,0.0017580112887081775,-0.0007580112887081774
-1,-1,0.001,0.0008347860156457835,0.0001652139843542165
-1,-1,0.001,0.001471776123508897,-0.00047177612350889704
-1,-1,0.001,0.0010534560840412945,-5.345608404129444e-05
-1,-1,0.001,0.001692571167724687,-0.0006925711677246869
-1,-1,0.001,0.00100325681049322,-3.2568104932199395e-06
-1,-1,0.001,0.0008077599893900094,0.00019224001060999063
-1,-1,0.001,0.0014082475217008666,-0.00040824752170086657
-1,-1,0.001,0.0013505727926874463,-0.00035057279268744623
-1,-1,0.001,0.0009601719900465619,3.982800995343814e-05
-1,-1,0.001,0.00053211163348631,0.00046788836651369
-1,-1,0.001,0.000906511426697328,9.348857330267202e-05
-1,-1,0.001,0.0012219770192727804,-0.00022197701927278036
-1,-1,0.001,0.0012957422494235108,-0.0002957422494235108
-1,-1,0.001,0.0012037309073265805,-0.00020373090732658046
-1,-1,0.001,0.001239415744174844,-0.0002394157441748439
-1,-1,0.001,0.0010388256717147604,-3.882567171476035e-05
-1,-1,0.005,0.003774568489808425,0.001225431510191575
-1,-1,0.005,0.004960627805519041,3.9372194480959306e-05
-1,-1,0.005,0.006100593131970244,-0.0011005931319702442
-1,-1,0.005,0.006353109654728629,-0.0013531096547286289
-1,-1,0.005,0.004040100207578435,0.0009598997924215652
-1,-1,0.005,0.002411420387837806,0.002588579612162194
-1,-1,0.005,0.004723067687930057,0.00027693231206994337
-1,-1,0.005,0.0054228967313998885,-0.00042289673139988843
-1,-1,0.005,0.009952417683484469,-0.004952417683484468
-1,-1,0.005,0.00440873059584052,0.0005912694041594804
-1,-1,0.005,0.0048123297994489365,0.00018767020055106363
-1,-1,0.005,0.0017385956162849023,0.0032614043837150978
-1,-1,0.005,0.003312034811685711,0.0016879651883142891
-1,-1,0.005,0.0020402817539854666,0.0029597182460145335
-1,-1,0.005,0.00445117970495229,0.0005488202950477104
-1,-1,0.005,0.003978704002991279,0.0010212959970087214
-1,-1,0.005,0.004218440104195482,0.0007815598958045185
-1,-1,0.005,0.00432880739285871,0.0006711926071412905
-1,-1,0.005,0.005107752264894584,-0.00010775226489458372
-1,-1,0.005,0.0073535782383122306,-0.0023535782383122305
-1,-1,0.005,0.005756299659121581,-0.0007562996591215813
-1,-1,0.005,0.00617225283834945,-0.0011722528383494501
-1,-1,0.005,0.007206333945763003,-0.002206333945763003
-1,-1,0.005,0.0035679579903685333,0.0014320420096314668
-1,-1,0.005,0.005389291412659362,-0.0003892914126593615
-1,-1,0.005,0.005796860924025789,-0.000796860924025789
-1,-1,0.005,0.003029722277726872,0.001970277722273128
-1,-1,0.005,0.008732458706102314,-0.003732458706102314
-1,-1,0.005,0.0038159210293283482,0.0011840789706716519
-1,-1,0.005,0.0053462463100041905,-0.00034624631000419043
-1,-1,0.005,0.006907695739597195,-0.0019076957395971952
-1,-1,0.005,0.004624508266687046,0.00037549173331295413
-1,-1,0.005,0.00501865259675182,-1.8652596751819912e-05
-1,-1,0.005,0.00346567902612666,0.00153432097387334
-1,-1,0.005,0.004860459443244529,0.00013954055675547122
-1,-1,0.005,0.005511591624345403,-0.0005115916243454031
-1,-1,0.005,0.00420768961545931,0.0007923103845406902
-1,-1,0.005,0.005543542925532999,-0.0005435429255329985
-1,-1,0.005,0.005215583893656785,-0.00021558389365678495
-1,-1,0.005,0.004487888347181129,0.000512111652818871
-1,-1,0.005,0.005366558184753337,-0.0003665581847533371
-1,-1,0.005,0.0042694146109857715,0.0007305853890142286
-1,-1,0.005,0.00533794387867525,-0.00033794387867525
-1,-1,0.005,0.006381183924686657,-0.0013811839246866565
-1,-1,0.005,0.006511678822994946,-0.0015116788229949463
-1,-1,0.005,0.0060828077815776455,-0.0010828077815776454
-1,-1,0.005,0.00426861758756292,0.0007313824124370802
-1,-1,0.005,0.0053832644890790034,-0.00038326448907900334
-1,-1,0.005,0.0025426564589286333,0.002457343541071367
-1,-1,0.005,0.00542491966490833,-0.00042491966490832995
-1,-1,0.005,0.0052019820660015965,-0.0002019820660015964
-1,-1,0.005,0.007442615472369875,-0.0024426154723698745
-1,-1,0.005,0.0056135784451347825,-0.0006135784451347824
-1,-1,0.005,0.004926807903892158,7.319209610784187e-05
-1,-1,0.005,0.00230081707755205,0.00269918292244795
-1,-1,0.005,0.0035528801073458557,0.0014471198926541444
-1,-1,0.005,0.005517075549607998,-0.0005170755496079977
-1,-1,0.005,0.006132889480928841,-0.0011328894809288408
-1,-1,0.005,0.007911460126377313,-0.0029114601263773134
-1,-1,0.005,0.007855245447913889,-0.0028552454479138884
-1,-1,0.005,0.00464931604299077,0.00035068395700922975
-1,-1,0.005,0.0035145869278410636,0.0014854130721589365
-1,-1,0.005,0.004498791644716014,0.0005012083552839858
-1,-1,0.005,0.005306511429118166,-0.0003065114291181661
-1,-1,0.005,0.004961244846197826,3.8755153802173814e-05
-1,-1,0.005,0.0027401464597881283,0.002259853540211872
-1,-1,0.005,0.007232315039116974,-0.002232315039116974
-1,-1,0.005,0.005858782202878974,-0.0008587822028789738
-1,-1,0.005,0.0060703509983568976,-0.0010703509983568974
-1,-1,0.005,0.005017092380063048,-1.7092380063047675e-05
-1,-1,0.005,0.0030276463637258903,0.00197235363627411
-1,-1,0.005,0.005145366646111143,-0.00014536664611114296
-1,-1,0.005,0.007320803188854555,-0.002320803188854555
-1,-1,0.005,0.005796500731568454,-0.0007965007315684537
-1,-1,0.005,0.004998407380427035,1.5926195729648943e-06
-1,-1,0.005,0.008427327847394849,-0.0034273278473948487
-1,-1,0.005,0.005867160809751583,-0.0008671608097515831
-1,-1,0.005,0.003598977615617149,0.001401022384382851
-1,-1,0.005,0.00612413373753667,-0.00112413373753667
-1,-1,0.005,0.005812731440637157,-0.0008127314406371567
-1,-1,0.005,0.00374250716242569,0.00125749283757431
-1,-1,0.005,0.005417169159729799,-0.00041716915972979905
-1,-1,0.005,0.004168071657912803,0.0008319283420871971
-1,-1,0.005,0.008528725832096145,-0.0035287258320961445
-1,-1,0.005,0.003974000861036541,0.0010259991389634593
-1,-1,0.005,0.006825437500448039,-0.001825437500448039
-1,-1,0.005,0.004840548193291424,0.00015945180670857637
-1,-1,0.005,0.00706114055806304,-0.0020611405580630397
-1,-1,0.005,0.005356226183096816,-0.00035622618309681577
-1,-1,0.005,0.004822817467928809,0.00017718253207119148
-1,-1,0.005,0.006406198089140736,-0.0014061980891407356
-1,-1,0.005,0.0067074092524754825,-0.0017074092524754824
-1,-1,0.005,0.005131627903991342,-0.00013162790399134146
-1,-1,0.005,0.002245677093913157,0.002754322906086843
-1,-1,0.005,0.004820718116184817,0.00017928188381518325
-1,-1,0.005,0.006008073119673275,-0.0010080731196732747
-1,-1,0.005,0.006522604823859936,-0.0015226048238599363
-1,-1,0.005,0.005344584796865619,-0.00034458479686561884
-1,-1,0.005,0.00574307995601404,-0.0007430799560140403
-1,-1,0.005,0.005035846874278346,-3.584687427834587e-05
-1,-1,0.01,0.007937994101407279,0.0020620058985927215
-1,-1,0.01,0.009769959108902878,0.00023004089109712224
-1,-1,0.01,0.012038159634146381,-0.0020381596341463807
-1,-1,0.01,0.012495499682066638,-0.0024954996820666375
-1,-1,0.01,0.007883058670736867,0.002116941329263133
-1,-1,0.01,0.004799774552204383,0.005200225447795618
-1,-1,0.01,0.009732541521067168,0.00026745847893283256
-1,-1,0.01,0.011404807059063831,-0.0014048070590638312
-1,-1,0.01,0.01970946528593493,-0.00970946528593493
-1,-1,0.01,0.009293298309918404,0.0007067016900815966
-1,-1,0.01,0.009717493958774704,0.0002825060412252958
-1,-1,0.01,0.004018279814407482,0.005981720185592518
-1,-1,0.01,0.007168870342243086,0.002831129657756914
-1,-1,0.01,0.004167812247274606,0.005832187752725394
-1,-1,0.01,0.008826552794764719,0.0011734472052352812
-1,-1,0.01,0.008019121135416371,0.001980878864583629
-1,-1,0.01,0.008860518397343703,0.0011394816026562976
-1,-1,0.01,0.009078849392379676,0.0009211506076203246
-1,-1,0.01,0.01025050401683453,-0.00025050401683453065
-1,-1,0.01,0.014954324337094066,-0.004954324337094066
-1,-1,0.01,0.0111745936839793,-0.0011745936839793
-1,-1,0.01,0.011916125741486833,-0.0019161257414868332
-1,-1,0.01,0.014525929806785609,-0.0045259298067856085
-1,-1,0.01,0.007140456482505546,0.0028595435174944544
-1,-1,0.01,0.010504021676929981,-0.0005040216769299811
-1,-1,0.01,0.011413971420826884,-0.0014139714208268837
-1,-1,0.01,0.006346800022332393,0.003653199977667607
-1,-1,0.01,0.017712298703411355,-0.007712298703411355
-1,-1,0.01,0.007367734533407489,0.002632265466592511
-1,-1,0.01,0.010777059198555271,-0.0007770591985552713
-1,-1,0.01,0.013655342604280885,-0.0036553426042808847
-1,-1,0.01,0.009341181054535153,0.0006588189454648473
-1,-1,0.01,0.010249235915569652,-0.00024923591556965177
-1,-1,0.01,0.0076865842240347,0.0023134157759653
-1,-1,0.01,0.009634248680541116,0.0003657513194588839
-1,-1,0.01,0.01094085700365377,-0.0009408570036537698
-1,-1,0.01,0.008463965430325404,0.001536034569674596
-1,-1,0.01,0.011359796137817341,-0.0013597961378173408
-1,-1,0.01,0.010759748978204827,-0.0007597489782048272
-1,-1,0.01,0.009050778654701032,0.0009492213452989683
-1,-1,0.01,0.010331986278911081,-0.0003319862789110811
-1,-1,0.01,0.008436733894619885,0.001563266105380115
-1,-1,0.01,0.012416313821359064,-0.002416313821359064
-1,-1,0.01,0.012219378945065923,-0.0022193789450659224
-1,-1,0.01,0.012916488166153369,-0.002916488166153369
-1,-1,0.01,0.01197218272402866,-0.0019721827240286594
-1,-1,0.01,0.008818354715913412,0.0011816452840865879
-1,-1,0.01,0.010675589673946495,-0.0006755896739464948
-1,-1,0.01,0.005111882776840517,0.004888117223159483
-1,-1,0.01,0.010559381971541618,-0.0005593819715416174
-1,-1,0.01,0.010305816961699982,-0.0003058169616999822
-1,-1,0.01,0.014370188808321156,-0.004370188808321155
-1,-1,0.01,0.011212640998693655,-0.0012126409986936548
-1,-1,0.01,0.009724713911501108,0.00027528608849889183
-1,-1,0.01,0.00465134110052839,0.00534865889947161
-1,-1,0.01,0.007408067694141159,0.0025919323058588408
-1,-1,0.01,0.011248730780132953,-0.001248730780132953
-1,-1,0.01,0.012368124189424255,-0.002368124189424255
-1,-1,0.01,0.01577388403511126,-0.005773884035111259
-1,-1,0.01,0.014675197668629665,-0.0046751976686296645
-1,-1,0.01,0.009305966388110072,0.0006940336118899278
-1,-1,0.01,0.006966250632842787,0.003033749367157213
-1,-1,0.01,0.009186875995670425,0.000813124004329575
-1,-1,0.01,0.010688138889961738,-0.0006881388899617376
-1,-1,0.01,0.010121954214987362,-0.00012195421498736175
-1,-1,0.01,0.005272640019268459,0.0047273599807315415
-1,-1,0.01,0.014080969877176542,-0.004080969877176542
-1,-1,0.01,0.011741525860480533,-0.001741525860480533
-1,-1,0.01,0.012465458199711642,-0.0024654581997116416
-1,-1,0.01,0.010437968266799989,-0.00043796826679998874
-1,-1,0.01,0.005979029735915483,0.004020970264084517
-1,-1,0.01,0.010768400647968116,-0.0007684006479681156
-1,-1,0.01,0.014268741845461319,-0.0042687418454613185
-1,-1,0.01,0.011335255111334212,-0.0013352551113342114
-1,-1,0.01,0.010665033218898287,-0.0006650332188982873
-1,-1,0.01,0.016231488925338114,-0.006231488925338114
-1,-1,0.01,0.011527361410330715,-0.0015273614103307152
-1,-1,0.01,0.006971008179141298,0.003028991820858702
-1,-1,0.01,0.012474694129318427,-0.002474694129318427
-1,-1,0.01,0.011722684862001655,-0.0017226848620016545
-1,-1,0.01,0.007685630845125215,0.002314369154874785
-1,-1,0.01,0.010779724753102396,-0.0007797247531023954
-1,-1,0.01,0.00815397370673931,0.0018460262932606906
-1,-1,0.01,0.016898292498380905,-0.006898292498380905
-1,-1,0.01,0.007795075305937564,0.0022049246940624365
-1,-1,0.01,0.01343073895673592,-0.0034307389567359205
-1,-1,0.01,0.009399195795907232,0.0006008042040927686
-1,-1,0.01,0.01330544071370593,-0.003305440713705929
-1,-1,0.01,0.010901025872694073,-0.000901025872694073
-1,-1,0.01,0.010085073970982536,-8.507397098253544e-05
-1,-1,0.01,0.01248856069384735,-0.00248856069384735
-1,-1,0.01,0.013179669942305829,-0.0031796699423058284
-1,-1,0.01,0.010401878582330517,-0.00040187858233051675
-1,-1,0.01,0.0043985919781113015,0.005601408021888699
-1,-1,0.01,0.009799631811927547,0.00020036818807245282
-1,-1,0.01,0.011884524234094052,-0.0018845242340940517
-1,-1,0.01,0.012867970272780239,-0.0028679702727802386
-1,-1,0.01,0.010435386328546861,-0.000435386328546861
-1,-1,0.01,0.011253597781875622,-0.001253597781875622
-1,-1,0.01,0.010160224990162335,-0.00016022499016233455
-1,-1,0.05,0.04220126379857119,0.007798736201428812
-1,-1,0.05,0.04845852488035163,0.001541475119648375
-1,-1,0.05,0.05778523193442386,-0.007785231934423854
-1,-1,0.05,0.060547163137958875,-0.010547163137958872
-1,-1,0.05,0.04132587075843498,0.00867412924156502
-1,-1,0.05,0.023936456898055264,0.02606354310194474
-1,-1,0.05,0.048767820308128755,0.0012321796918712477
-1,-1,0.05,0.059454427973301235,-0.009454427973301233
-1,-1,0.05,0.09132503500391795,-0.041325035003917945
-1,-1,0.05,0.05138045354026728,-0.001380453540267279
-1,-1,0.05,0.0509465778277977,-0.0009465778277976955
-1,-1,0.05,0.024184478750173388,0.025815521249826615
-1,-1,0.05,0.04232522471718191,0.00767477528281809
-1,-1,0.05,0.02175455380633399,0.028245446193666014
-1,-1,0.05,0.04380348797897349,0.006196512021026515
-1,-1,0.05,0.04075277111855686,0.009247228881443144
-1,-1,0.05,0.0487736193252104,0.0012263806747896053
-1,-1,0.05,0.04817401323079997,0.0018259867692000317
-1,-1,0.05,0.0514932829550212,-0.0014932829550211996
-1,-1,0.05,0.0721080235225652,-0.022108023522565204
-1,-1,0.05,0.0533685863714092,-0.003368586371409195
-1,-1,0.05,0.05631933107043696,-0.006319331070436959
-1,-1,0.05,0.07209129819769385,-0.022091298197693843
-1,-1,0.05,0.03775368048676458,0.012246319513235425
-1,-1,0.05,0.0518331786480152,-0.0018331786480151949
-1,-1,0.05,0.05449101836278778,-0.004491018362787778
-1,-1,0.05,0.0366214427584101,0.0133785572415899
-1,-1,0.05,0.08759380531239709,-0.03759380531239709
-1,-1,0.05,0.03606329655233798,0.01393670344766202
-1,-1,0.05,0.055080056936747154,-0.0050800569367471515
-1,-1,0.05,0.06637527137147423,-0.016375271371474223
-1,-1,0.05,0.047933853753632766,0.002066146246367237
-1,-1,0.05,0.05199929919643671,-0.00199929919643671
-1,-1,0.05,0.04761824370504024,0.0023817562949597637
-1,-1,0.05,0.04795667701167742,0.0020433229883225837
-1,-1,0.05,0.055461885667509196,-0.005461885667509193
-1,-1,0.05,0.042911746765765195,0.007088253234234808
-1,-1,0.05,0.058280631664959004,-0.008280631664959001
-1,-1,0.05,0.05604426231414077,-0.006044262314140771
-1,-1,0.05,0.04642245333068305,0.00357754666931695
-1,-1,0.05,0.04916949068008314,0.0008305093199168639
-1,-1,0.05,0.041658949410021864,0.008341050589978138
-1,-1,0.05,0.05645567638769068,-0.006455676387690679
-1,-1,0.05,0.057243172529272225,-0.007243172529272222
-1,-1,0.05,0.06288121944085438,-0.01288121944085438
-1,-1,0.05,0.058404243465879996,-0.008404243465879993
-1,-1,0.05,0.046522156711458346,0.003477843288541657
-1,-1,0.05,0.05141397297270173,-0.0014139729727017242
-1,-1,0.05,0.02620820470086915,0.023791795299130853
-1,-1,0.05,0.05327393994608754,-0.003273939946087538
-1,-1,0.05,0.05147497038843965,-0.0014749703884396476
-1,-1,0.05,0.06669357221620316,-0.016693572216203156
-1,-1,0.05,0.05563895345114286,-0.005638953451142854
-1,-1,0.05,0.04865776319544958,0.001342236804550423
-1,-1,0.05,0.024090259840126717,0.025909740159873285
-1,-1,0.05,0.037942586305179056,0.012057413694820947
-1,-1,0.05,0.058181234022205555,-0.008181234022205552
-1,-1,0.05,0.06174550786776504,-0.011745507867765036
-1,-1,0.05,0.07717421994206215,-0.02717421994206215
-1,-1,0.05,0.06373363910438498,-0.013733639104384979
-1,-1,0.05,0.04831463336226818,0.0016853666377318194
-1,-1,0.05,0.03508766867161947,0.014912331328380532
-1,-1,0.05,0.04605311893275791,0.003946881067242093
-1,-1,0.05,0.05292825667206544,-0.002928256672065435
-1,-1,0.05,0.05186083052453833,-0.0018608305245383303
-1,-1,0.05,0.028475774401146955,0.021524225598853048
-1,-1,0.05,0.06757819001769758,-0.017578190017697573
-1,-1,0.05,0.05922069617897833,-0.009220696178978326
-1,-1,0.05,0.06372990972717686,-0.013729909727176859
-1,-1,0.05,0.0524292233046681,-0.0024292233046680975
-1,-1,0.05,0.030256736669039806,0.019743263330960197
-1,-1,0.05,0.05644901820272545,-0.006449018202725448
-1,-1,0.05,0.06818323358719681,-0.018183233587196812
-1,-1,0.05,0.0552070573252132,-0.005207057325213198
-1,-1,0.05,0.05657898606230222,-0.006578986062302214
-1,-1,0.05,0.07000418891667323,-0.02000418891667323
-1,-1,0.05,0.056385802256780165,-0.0063858022567801626
-1,-1,0.05,0.03329857758415062,0.016701422415849383
-1,-1,0.05,0.06273773740772894,-0.012737737407728933
-1,-1,0.05,0.057822675009489066,-0.007822675009489063
-1,-1,0.05,0.040170413984740305,0.009829586015259698
-1,-1,0.05,0.05317315836865801,-0.003173158368658009
-1,-1,0.05,0.041876575176977786,0.008123424823022217
-1,-1,0.05,0.08162276737468402,-0.031622767374684016
-1,-1,0.05,0.03783322913572062,0.012166770864279385
-1,-1,0.05,0.06511993650963832,-0.015119936509638318
-1,-1,0.05,0.04583942264674345,0.004160577353256555
-1,-1,0.05,0.06135201564007164,-0.011352015640071635
-1,-1,0.05,0.055576591244064166,-0.0055765912440641635
-1,-1,0.05,0.053314933932867466,-0.003314933932867463
-1,-1,0.05,0.061919535542853135,-0.011919535542853132
-1,-1,0.05,0.06476318294674034,-0.014763182946740339
-1,-1,0.05,0.05167062233800414,-0.0016706223380041352
-1,-1,0.05,0.022254884616641987,0.027745115383358016
-1,-1,0.05,0.04964207105430545,0.00035792894569455086
-1,-1,0.05,0.05711850295004441,-0.00711850295004441
-1,-1,0.05,0.06237488468169911,-0.01237488468169911
-1,-1,0.05,0.05058216248760282,-0.0005821624876028164
-1,-1,0.05,0.05474273307043764,-0.004742733070437634
-1,-1,0.05,0.051652250138596256,-0.0016522501385962535
-1,-1,0.1,0.08597903667885053,0.01402096332114948
-1,-1,0.1,0.097187305939852,0.002812694060148002
-1,-1,0.1,0.11336582386106069,-0.01336582386106068
-1,-1,0.1,0.11915043522391872,-0.01915043522391871
-1,-1,0.1,0.0879591322372848,0.012040867762715207
-1,-1,0.1,0.04880842716827891,0.05119157283172109
-1,-1,0.1,0.09584118730711723,0.004158812692882777
-1,-1,0.1,0.11592228110365428,-0.015922281103654276
-1,-1,0.1,0.16938389693401848,-0.06938389693401847
-1,-1,0.1,0.10576490091237616,-0.00576490091237615
-1,-1,0.1,0.10282245605611275,-0.0028224560561127404
-1,-1,0.1,0.05138654644475064,0.04861345355524937
-1,-1,0.1,0.08768875814528111,0.012311241854718893
-1,-1,0.1,0.04501015826414786,0.05498984173585215
-1,-1,0.1,0.08792404129717304,0.012075958702826961
-1,-1,0.1,0.08245586513752129,0.017544134862478716
-1,-1,0.1,0.09985717770657268,0.0001428222934273249
-1,-1,0.1,0.09781977951186359,0.0021802204881364168
-1,-1,0.1,0.10309953599385038,-0.0030995359938503775
-1,-1,0.1,0.1361887491888542,-0.0361887491888542
-1,-1,0.1,0.1058358559037467,-0.0058358559037466895
-1,-1,0.1,0.11021346592730868,-0.01021346592730868
-1,-1,0.1,0.14119802839692785,-0.04119802839692785
-1,-1,0.1,0.07817269380816642,0.02182730619183358
-1,-1,0.1,0.10325568370134393,-0.0032556837013439227
-1,-1,0.1,0.10680382472427924,-0.006803824724279234
-1,-1,0.1,0.07733907351673516,0.022660926483264843
-1,-1,0.1,0.16918174686623547,-0.06918174686623546
-1,-1,0.1,0.07289393750736177,0.027106062492638236
-1,-1,0.1,0.11007257436250277,-0.010072574362502765
-1,-1,0.1,0.1300801819146137,-0.0300801819146137
-1,-1,0.1,0.09726959507189775,0.0027304049281022535
-1,-1,0.1,0.1042845092520828,-0.004284509252082791
-1,-1,0.1,0.09835056516995425,0.0016494348300457595
-1,-1,0.1,0.09605804544229307,0.003941954557706934
-1,-1,0.1,0.11043430904808345,-0.010434309048083443
-1,-1,0.1,0.0866592713194192,0.01334072868058081
-1,-1,0.1,0.11636497723970533,-0.016364977239705328
-1,-1,0.1,0.11241444233256677,-0.012414442332566764
-1,-1,0.1,0.09683690325962993,0.003163096740370075
-1,-1,0.1,0.09806826655475236,0.0019317334452476492
-1,-1,0.1,0.08376078836089204,0.016239211639107964
-1,-1,0.1,0.10232192888697934,-0.002321928886979338
-1,-1,0.1,0.11214034670535605,-0.012140346705356048
-1,-1,0.1,0.12356854238767367,-0.02356854238767367
-1,-1,0.1,0.11539808201615166,-0.015398082016151657
-1,-1,0.1,0.09480635073549554,0.0051936492645044685
-1,-1,0.1,0.10171500960143581,-0.0017150096014358074
-1,-1,0.1,0.05384101896695416,0.046158981033045846
-1,-1,0.1,0.10698282557846218,-0.006982825578462179
-1,-1,0.1,0.10300710266671186,-0.00300710266671185
-1,-1,0.1,0.12921977310820637,-0.029219773108206365
-1,-1,0.1,0.11052029710422322,-0.010520297104223211
-1,-1,0.1,0.09606889985251642,0.003931100147483588
-1,-1,0.1,0.0497128854825402,0.050287114517459805
-1,-1,0.1,0.0768942641042695,0.023105735895730506
-1,-1,0.1,0.11742955376731413,-0.01742955376731413
-1,-1,0.1,0.12212061560024771,-0.02212061560024771
-1,-1,0.1,0.15012448958015398,-0.050124489580153975
-1,-1,0.1,0.12240231368769845,-0.022402313687698447
-1,-1,0.1,0.09883380452402547,0.0011661954759745324
-1,-1,0.1,0.07126785412874213,0.028732145871257872
-1,-1,0.1,0.09105569246783508,0.008944307532164922
-1,-1,0.1,0.10530471515556837,-0.005304715155568365
-1,-1,0.1,0.10410366753715855,-0.004103667537158545
-1,-1,0.1,0.0678267201610162,0.03217327983898381
-1,-1,0.1,0.1319945339126345,-0.03199453391263449
-1,-1,0.1,0.11783825081253448,-0.01783825081253447
-1,-1,0.1,0.1265155612670209,-0.0265155612670209
-1,-1,0.1,0.10173214258080407,-0.0017321425808040636
-1,-1,0.1,0.06192316598641991,0.03807683401358009
-1,-1,0.1,0.11206569475770464,-0.012065694757704637
-1,-1,0.1,0.1330291012596313,-0.033029101259631294
-1,-1,0.1,0.10960814157437511,-0.009608141574375104
-1,-1,0.1,0.11395768639140982,-0.013957686391409818
-1,-1,0.1,0.1302783389672573,-0.03027833896725729
-1,-1,0.1,0.11173650122898234,-0.01173650122898233
-1,-1,0.1,0.06686885128901007,0.03313114871098993
-1,-1,0.1,0.12405671561053135,-0.02405671561053134
-1,-1,0.1,0.11380631707407819,-0.013806317074078187
-1,-1,0.1,0.08186672046578428,0.01813327953421573
-1,-1,0.1,0.10571762088975965,-0.0057176208897596476
-1,-1,0.1,0.08630376069187931,0.013696239308120695
-1,-1,0.1,0.15775038276637046,-0.057750382766370456
-1,-1,0.1,0.07595462886478072,0.02404537113521929
-1,-1,0.1,0.1277292031567358,-0.0277292031567358
-1,-1,0.1,0.09177205902794124,0.00822794097205877
-1,-1,0.1,0.12069395151360625,-0.020693951513606243
-1,-1,0.1,0.1110868212547999,-0.0110868212547999
-1,-1,0.1,0.1075754029989869,-0.007575402998986888
-1,-1,0.1,0.12312250077394328,-0.023122500773943275
-1,-1,0.1,0.12943089861730986,-0.029430898617309853
-1,-1,0.1,0.10206961156659282,-0.0020696115665928133
-1,-1,0.1,0.04589412640745771,0.0541058735925423
-1,-1,0.1,0.0993974571523885,0.0006025428476115063
-1,-1,0.1,0.11194758464900845,-0.011947584649008441
-1,-1,0.1,0.12299435166230578,-0.022994351662305776
-1,-1,0.1,0.10053334668150125,-0.0005333466815012483
-1,-1,0.1,0.10822514141780203,-0.00822514141780202
-1,-1,0.1,0.10339465730199272,-0.003394657301992718
